"user_id","total_spent","number_of_scans"
"64e62de5ca929250373e6cf5",57.65,22
"62925c1be942f00613f7365e",49.87,20
"604278958fe03212b47e657b",46.61,20
"64063c8880552327897186a5",43.72,18
"60a5363facc00d347abadc8e",101.97,14
"609af341659cf474018831fb",25.55,14
"61d5f5d2c4525a3a478b386b",25.22,14
"624dca0770c07012cd5e6c03",21.91,14
"653a0f40909604bae9071473",84.78,12
"61545c3b504f3536dc3423b6",81.73,12
"5d77d06b0d1bff4316a3ef47",60.73,12
"62099fee0ede521c349b0cb3",60.32,12
"6240f64ee073a81bcca57670",57.33,12
"605a982894a5c74ba439e5ab",56.52,12
"65d4915916cc391732127174",48.77,12
"5eb59d6be7012d13941af5e2",45.93,12
"5e89fe8918bf1a13ef5d874c",45.78,12
"63f1904938f010745b9a2b60",42.74,12
"63ae0dc29f3fc9c7546ef080",42.13,12
"610b23fbc4840a0f4c174083",42.05,12
"6682cbf6465f309038ae1888",37.47,12
"6394fd7d02a4e512e05dd377",36.80,12
"65cd1a2816cc391732119c3a",33.83,12
"66651af0e04f743a096e3bf9",33.68,12
"5c8fdcc79d47895c54a6fe22",32.78,12
"61aea787e9b3d75037b5ea45",31.99,12
"62b6189d37e6e08b0774ce73",26.25,12
"5ddbca50ab7b8c53a76aeee3",24.54,12
"66390784b7b24d45d93a0e6a",24.49,12
"65845b6bc9e6fe40ea67e108",101.43,10
"607068e86393686b73dbef4a",67.29,10
"653ec447a225ea102b7f0846",57.36,10
"61e3a441d88a8533ec0deae2",56.79,10
"61cb525333c9bf3ef9f12199",54.72,10
"646a82267a342372c857800a",54.19,10
"664758b6e04f743a0969e342",49.82,10
"61d4648bb50b10397ec7c0bf",49.82,10
"5cb713ebf63d92546e763f9c",46.12,10
"6101f2a86fa7303db6f90f70",43.24,10
"619c6018f998e47aad318354",42.81,10
"63decbc7b425eb11a473ff6d",40.67,10
"649d0d38127ddb5d7f0182b8",39.74,10
"61ff28874bb60713e8245be7",39.63,10
"6456eac19f7c516a13f471f4",37.94,10
"667586cb86cc41b000cc6139",37.70,10
"64d38fecf83efd697ff872d7",36.90,10
"6609a086828f877fdee90252",35.83,10
"619be73c06570b5913a14466",35.61,10
"623e16393b5bbd24adc188e5",32.70,10
"63090406dd9c692ad8550aac",32.61,10
"62193c62792a4c3d1afb7d71",32.51,10
"653d691d909604bae9076d1a",31.66,10
"62e6f1ce48cc274645652f44",31.56,10
"5defd7fa077ad111c31a8e3d",31.49,10
"62d861e81d76344f1a35fa02",31.46,10
"63c45d9a3d310dceeac80437",31.08,10
"634aee03305e373439460ac3",31.06,10
"609fef0169778932d9945085",30.83,10
"64e4f109d7d4f1fdb00a5fcd",30.26,10
"60a42b33f29c34057f5e46a9",30.20,10
"5d48752bb292771a74207fa4",29.98,10
"6357585f872fb61c0e82178c",29.42,10
"65e4999416cc391732142f72",28.27,10
"5d2b3af88edb072450e524e6",26.96,10
"5d8661a736d69e65e99233af",26.76,10
"653b2370a225ea102b7ea6ad",26.54,10
"64e68f7b0581c9c39db6f408",26.12,10
"6361ac017de9f3635203b500",25.72,10
"65ccc82b16cc391732118fb6",24.35,10
"635c6f3df0c9155ff44ca202",24.30,10
"63d97d69b425eb11a4709d56",24.14,10
"60e63c03934e791d9e42cc65",23.83,10
"615b92bf0c364d633f6531b6",23.48,10
"5fa3f3feade6f5107b9b3c75",23.43,10
"63b39cfe9f3fc9c754746643",22.70,10
"62233df3aed3472de09a6817",22.49,10
"6249ad6957339723d519f959",22.38,10
"64ebe2c60581c9c39db7eba2",22.38,10
"6345dbb11aaccf0b216cea6b",21.75,10
"64582185ffe0d7e043ee96e8",21.64,10
"63c6093f39c79dcbdd5a7d43",21.61,10
"64832abf9d0c925cdc8f3697",21.14,10
"654db611a225ea102b8128a7",21.02,10
"645add3bffe0d7e043ef1b63",227.93,8
"637257e75fdbb03aa198a310",194.14,8
"61aac8177c22c7641cc08fc4",111.97,8
"5f906764542e501679d188f4",99.87,8
"62cebfc22cfb4591e3b9ff74",89.57,8
"60bd286093170b617081a5d7",85.94,8
"65fc57497756e548cb85d27c",83.83,8
"64e798baca929250373ea30d",80.72,8
"623f868396e6b63587b1233d",73.78,8
"60316ede521dd912dc83e2d6",73.53,8
"625364ddda4fb11c8a9fcb85",69.84,8
"63e18360b425eb11a476104f",63.74,8
"5dc01d8c0239d62f09a7332c",61.58,8
"64432ac1ee6ac839f8c93429",60.95,8
"5da24a23f310ed3d8f816427",60.78,8
"6193231ae9b3d75037b0f928",56.84,8
"59605648e4b0f0f7875e6079",54.45,8
"60a97f0e188b926b22403f3f",53.79,8
"5f333304d1b0f814b6d0e976",53.70,8
"666a2e417c0469953bfd9656",53.58,8
"63dc2111dcb50fbd3083a1f8",53.17,8
"66283cb2c1922771b6a41931",51.70,8
"6658b5b17c0469953bfad970",51.67,8
"6394c27190ad5449ec618939",51.46,8
"625352fd59424421861d89f9",50.59,8
"65511eac909604bae90a24cd",48.32,8
"6226927842dc841b4bf2cfa5",48.13,8
"61ecaef4211fad50641866c8",47.68,8
"643b0c77347839fdfa97cce3",46.55,8
"60f0218f80158f6d6dda3681",45.98,8
"618c0b3a5e388d4f51332f8e",45.64,8
"62b8e15137e6e08b0775864e",45.14,8
"623ca92614ae3f3ccbd661c3",44.70,8
"6335f11464da09ffd95892ed",44.63,8
"5ec6c474ef6795140942f4e5",44.47,8
"65bfa5dbe43f8851491ca8dd",44.03,8
"5c7d90d2b04d6162f25f49ae",43.54,8
"62a9c0b937737fe70d040d35",43.42,8
"648ce7a35da6e473420918ce",41.80,8
"65d24cd0fe555d15f2893d1a",41.48,8
"665ca065e04f743a096cdff7",40.93,8
"62e0ad861d76344f1a389aa2",40.86,8
"656b23b49cb6a4f05dca263c",40.73,8
"595eee04e4b0eb5f9a2cbfbe",40.56,8
"6608ac7e828f877fdee8ed5b",40.46,8
"5d429b2d62fb4a3421b8ce93",40.36,8
"664129ddb7b24d45d93b1860",40.34,8
"650cf7c28430d10b374c86d8",40.00,8
"6020086d83863e131e9c45c0",38.69,8
"5e056c3afa89011209c235ed",38.35,8
"663bb2c1b7b24d45d93a7004",38.26,8
"6237ebd70a5ce40f4aea9e92",38.24,8
"62dfc1751d76344f1a384026",37.66,8
"5dde4e15ce77bc11fa43132d",37.55,8
"665bac1de04f743a096cbfb0",36.95,8
"634ca988da0f5faf4764d3f6",36.88,8
"61fda39dc6faa65c28c1f460",36.86,8
"62d702602cfb4591e3bd46ec",36.84,8
"66647c417c0469953bfcc865",36.20,8
"63b2dd629f3fc9c754733112",36.02,8
"6348a5083f72c44d6794a4f0",36.02,8
"60ea0f9e16b87720250d87b6",35.84,8
"625f0268e3a4a82bb440774e",35.66,8
"6270518c2d59654c5591e1a1",35.55,8
"5ed06acb7178d413b062ed61",35.39,8
"5b649e44719e547394dbdb03",34.90,8
"642ed3aa44f22b2ce4303f70",34.88,8
"5f028760c5da18146f8e5f1b",34.81,8
"64a7141ce59a088dc6e28249",34.59,8
"6595846fa19104bccf2ebd5a",34.53,8
"63c1c1373d310dceeac54716",34.46,8
"5fb2c947b69b7246c296f03e",34.46,8
"61be50086ad38158030e5984",33.94,8
"634f1ee6da0f5faf4766db72",33.84,8
"620d62d482ffad19852e78bb",33.18,8
"626ed0ec948c8e671ea01077",32.95,8
"6132c151e5e9e51723ce9184",32.88,8
"5e038cebcb322c11de193bb7",32.51,8
"6605cc0c7756e548cb8707a3",32.20,8
"638ba05002a4e512e0549063",32.10,8
"64c078380617f5214e9a30eb",31.53,8
"65e3294f16cc391732140160",31.44,8
"5d40d6666482b759951984a5",31.35,8
"6244a97e69731f6dfcb97dc9",30.79,8
"666b2fbc9b856c66cd1574f7",30.65,8
"62f176ce678af3b6c97105fc",30.34,8
"656d44efbc6a13d85a5dbb89",29.98,8
"64b06ae9a13e1af42fda56b3",29.98,8
"5bee0aad839bf65093781345",29.81,8
"61b3bd4368a0cb2b897a7fa1",29.69,8
"5c1be44740b6a912a4d5b3ff",29.51,8
"65a46a23b08449ff8da99881",29.33,8
"5d25fe29b292772469cf0bd2",28.81,8
"6517516455f575777d100a78",28.80,8
"5bd891eb2342e45172f349aa",28.53,8
"5a425856e4b09d5e0c9d749f",28.34,8
"666669c5e04f743a096e6e1e",28.19,8
"63ff8dba38f010745ba3c9d1",28.01,8
"5ed9ac9c9c56f813f142a42a",27.97,8
"5a6b6f35e4b00bcc4d7fc708",27.86,8
"6369a90bf6269159fcb3b549",27.47,8
"66355ef6b7b24d45d9397c9d",27.42,8
"63725a10d55f5b4e9fb3b61e",27.24,8
"5d8d5da1c309e91061ce3733",26.79,8
"608310dbeb15d564f519e93e",26.68,8
"61f4b71c6e9ab51af0bb9a97",26.62,8
"60f75020d418d04106da56ac",26.51,8
"640165ab38f010745ba500c4",26.05,8
"602bdd14739add12d1f295a6",25.53,8
"612d5beb83df8b7fc1cc807d",25.50,8
"63e463bab300942c9c2c63bb",25.35,8
"5fd25eac951c9c129df21f87",25.35,8
"638e309402a4e512e057be84",25.26,8
"60b6e479f45c28035450eea9",25.18,8
"630d63d2f42be0d19922e092",25.12,8
"63c037eb3d310dceeac3d923",25.06,8
"5b54d2723a61193cbda1d077",24.72,8
"605002c3512b501279012b1a",24.55,8
"6104b6a0882a7f6c4ed5f5cb",24.43,8
"60ef472580158f6d6dd96a56",24.42,8
"664bf4d27c0469953bf91f44",23.97,8
"635d695af0c9155ff44d69f1",23.97,8
"64d3bc89c606ac0829970c9a",23.92,8
"622d39c4669e94391a4e447d",23.90,8
"63bc21423d310dceeac1399b",23.77,8
"65eb96d27756e548cb835145",23.70,8
"5f4918e2347ee428615e7088",23.64,8
"660b08b5828f877fdee92af8",23.54,8
"60edbda70872560795466eff",23.54,8
"6478c32ba55bb77a0e282163",23.28,8
"5f55a52524bff315e67eb0f5",23.12,8
"5b689e9940c9583606d65a59",22.67,8
"5e45bad25f7f0c131f0ea493",22.65,8
"62cdedfea34160b30031c7a1",22.37,8
"5ed4fbc746278a13f7d2fd93",22.26,8
"604045572a19b2129718c4e3",22.12,8
"60c24151ca21a77bf10850dd",22.10,8
"615600c03b16c63915ab94de",21.88,8
"62e750a348cc27464565ab25",21.86,8
"5fc8330d9ee778128b5d2b38",21.65,8
"616995579d6241487226b262",21.61,8
"5f598311d5078915c2d60f6b",21.45,8
"61362620c87f0708e6224a62",21.38,8
"5e113f59fa89011209663b20",21.27,8
"622b710f1df8de746bc44722",21.08,8
"6535138fdda97e6b1342ea7f",146.65,6
"610b3d5002b8c34bbf3a589d",144.96,6
"5e022fe1daccde120544eb42",140.74,6
"65d00704fe555d15f288ff6e",113.42,6
"624b68bb99e5162ba91c2ac0",104.02,6
"61d0aa0c52baef1444b555f6",99.32,6
"63d8337b55e4cd39e5e17ede",98.87,6
"6632c5871be3d689ceb875c7",95.08,6
"65e4bc2716cc391732143569",90.95,6
"5c13acf1efb01c1db2c4675c",87.94,6
"6183300cf998e47aad2d6f5d",87.39,6
"665eb9ea7c0469953bfbf83f",86.27,6
"638d0bb590ad5449ec5a76ce",85.98,6
"5880326ce4b0e8710935ed3a",83.57,6
"60c809df7153fb41f0336f14",80.56,6
"6621f37cc41e9f27acd82170",73.15,6
"60ad4393df6f743c8a8bb514",73.12,6
"5f177d45165fbc1478f55832",71.27,6
"6417cd30c8c94af10cc23f0b",69.94,6
"63c9dacb39c79dcbdd5dab1c",69.54,6
"62a154951f9dbf1584c66ba8",68.77,6
"601b7fdac3dcfb1296de66d0",66.78,6
"5d9abc841b603a7971146b95",65.85,6
"616f79c8e71ec540b0c4a998",65.64,6
"625b50c7152e472fe0e579be",65.62,6
"62edb3f8678af3b6c96f7ba3",64.94,6
"5f144b3dfecae81499c23e10",64.81,6
"5fe2ab38587931128d28c820",63.47,6
"5e002f3dfa8901120989c663",63.37,6
"5ff21324813c75128063c6aa",61.38,6
"656339da50f017da4e476bc1",61.29,6
"617dd06e067e361ecfdafd10",60.96,6
"62535ab0fc0da6299a70f5ca",60.46,6
"62473c74834ddd30c4f13895",59.43,6
"5f5fc49160803a1610c47e03",58.68,6
"63ca92fb3d310dceeacde3bf",57.88,6
"63af107001cb7c888c71a367",57.54,6
"63af3a329f3fc9c7546ff91d",55.28,6
"62b72c2537e6e08b07750a90",55.10,6
"5fc1b797f08f1a48275408b4",54.41,6
"5dba06b3abb02811aaa11a90",53.96,6
"605678cfbdd5517ab45ea044",53.86,6
"6377b019d55f5b4e9fb7cc5f",53.60,6
"62ffec490d9dbaff18c0a999",52.28,6
"6185d63a6f1d182a23c36d9f",51.86,6
"63e6fbe618d26a8e6a59879b",51.66,6
"6154fd0ab968210fe418cf7d",50.46,6
"5d97f4ae1750dd776dc28fb3",49.95,6
"5ccadcdc3267801e97fa54da",49.95,6
"63e7d87518d26a8e6a5a0efe",49.74,6
"5fe0d613ec5c5012a8c81298",49.30,6
"606ddacdb4ff4024f79b2f4e",48.94,6
"5f6a1e48e3d4f2164a41021b",48.67,6
"64f90bdeb84ba41db3fbf13e",48.48,6
"605bdfc2f4bbc2010444c5e4",48.25,6
"62f512be92710024adff69c0",47.79,6
"648a469d5fc6961b04760885",47.17,6
"64484be3347839fdfa9a1cef",47.14,6
"6576720fbf55907b9d4615f9",46.49,6
"6428a0c83d4434e63c1953dc",45.34,6
"62b0faa3cc43018bbbf98bb6",45.24,6
"602b2fcaed583b12c5ea6277",45.22,6
"652eae3aa65d634c1c297f30",45.06,6
"5e21e12484ba3a132b31c4c4",45.05,6
"61a26fe69c135b462ccd10d6",44.74,6
"666c8e56465f309038aadf85",44.71,6
"65270cc4bc349041b1067a8f",44.50,6
"62a7a0747432fcef96d7f357",44.42,6
"63040e152f095fa4372772fc",44.06,6
"600c80a14b9e59126fc3c4cc",43.94,6
"5e336562d92b631337e91847",43.89,6
"64fbc0e3791f8099cbbd51cb",43.32,6
"64a5b765e59a088dc6e244bc",42.00,6
"60a6a267b9d23e3e0caf176a",41.52,6
"5e13f3a0fa89011209982ece",41.22,6
"5fb976b8caf4501296d89728",40.84,6
"63f3efd3a4f8442c33809063",40.72,6
"5a0ef554e4b079ce0ce2b3d7",40.66,6
"637021aed55f5b4e9fb1a53b",40.44,6
"620c3559148c183de3a93808",40.34,6
"60e12adc93379249ca129c7b",39.95,6
"6670b3b486cc41b000cbc628",39.91,6
"633e2d341aaccf0b21668b61",39.90,6
"667c7e2f465f309038ad154b",39.90,6
"5e1fc5c208c7fc132e3e635f",39.86,6
"5d601f63d09cf758bd0cc77c",39.86,6
"631744a8b2906b770eabf584",39.46,6
"65ea063d16cc39173214dcf9",39.43,6
"62efba9d678af3b6c9704292",39.40,6
"65c7c0fffe555d15f287f8ed",39.26,6
"5e1219c0f3aee111fbbcea0e",38.94,6
"6316dc57b2906b770eabdb6a",38.92,6
"651127a061fe168f0fd8df8c",38.90,6
"65ef70c396ce12ad90794e0c",38.67,6
"64bf45d69b7ac0499fa560c0",38.32,6
"63712568d55f5b4e9fb27669",38.28,6
"5bfcb29ee0bfd412a53dbd98",38.26,6
"5ee01bfa49d07313e82bace3",38.06,6
"6064e24ac0cdc509247993e3",37.98,6
"5fe9599721684312582ba188",37.94,6
"6063b55b876f256a9968c777",37.90,6
"60a92b740e83fe39e46c7806",37.80,6
"6650830a7c0469953bf99cea",37.04,6
"634c61093a4a3534d93505e1",37.04,6
"5ff9fda26359d01270ba5247",36.85,6
"6526a394bc349041b10662c6",36.84,6
"63d1f1513d310dceead2c7bf",36.82,6
"6205b8ca417a4139c47c6860",36.73,6
"63e741db18d26a8e6a59bddd",36.64,6
"5db1d5e6f310ed050b06d22c",36.60,6
"65d7cf8716cc39173212c802",36.41,6
"5c16e50fefb01c1db21ed147",36.28,6
"64510e0f8958f56ee7faa591",36.16,6
"6069e9cc5b7f2f0c646e7709",35.90,6
"5d97a1881750dd776dbecd7b",35.90,6
"660ac5956c91604202685b2f",35.86,6
"6175e2076e26844981443806",35.71,6
"61352e41abe3e23bf2f5af98",35.70,6
"64769793a55bb77a0e27c748",35.67,6
"60d091bf9f0da13ebf248a8c",35.38,6
"62aa700042adc08fd14b5571",34.98,6
"5fc433d789379a4a2061aba4",34.98,6
"61b290c598dc5e3b3563f484",34.91,6
"629110329caee24477f9fb8c",34.86,6
"6679d6ae86cc41b000cd0b06",34.79,6
"64860e1e9d0c925cdc8fc26e",34.57,6
"652aa73fbefaf7bae90fe106",34.56,6
"64735a1f7a342372c858fe6b",34.44,6
"61fae8c8ac4e5e6b50b44bbe",34.39,6
"647e25c97a342372c85af165",34.32,6
"63f164d7a4f8442c337ea25a",34.22,6
"5d322df6cbd2bb593e2ea3f6",34.21,6
"59826ce7e4b0707a7f8fea3e",34.17,6
"5f88622c697c00162f1a6418",34.06,6
"5e17be3adaccde120584a7c5",33.98,6
"62c480f1baa38d1a1f6d96ee",33.82,6
"6178a06f56478124cd810ca0",33.76,6
"65529fd2a225ea102b81c99d",33.74,6
"64134fb5f0930bb238cba847",33.67,6
"667df232465f309038ad5308",33.32,6
"5ec1872ed474d413da27003d",33.16,6
"5d6cd3bd216673416dd3be1d",33.07,6
"6569def19cb6a4f05dc9fa90",32.95,6
"5f53c62bd683c715b9991b20",32.93,6
"5e138a14128c2c120e65407a",32.93,6
"5f661a217e0ff616130aef09",32.92,6
"61c3783fd69970231a698d0e",32.82,6
"6010acf151e5ec12ece67d20",32.72,6
"66660a1e7c0469953bfd0601",32.44,6
"61c095e47b6f1375b1bc42db",32.41,6
"601894cf4174b512d04c08b7",31.95,6
"5e23279beeba731344dc6137",31.86,6
"5e1a36c7f3aee111fb51ee4e",31.78,6
"665cef487c0469953bfba46c",31.72,6
"62f52dec30b23c82198f26ca",31.42,6
"600109b2e1a2f913073c0b37",31.35,6
"63a63ca2747a17c3519cdc51",31.31,6
"65133fa855f575777d0f91d1",31.22,6
"610c3848e43fab30fb107e0c",31.18,6
"5baf733455206419c416c3be",31.07,6
"601c2e0ed5297712f4517069",31.00,6
"63712d01d55f5b4e9fb2831d",30.97,6
"616c88f399f7f759ce2129a7",30.92,6
"639bc19b4b2ebdb1fed916a0",30.87,6
"5c66cb908554b35a501497b6",30.81,6
"65f878315a33935f1ed8362f",30.80,6
"62508f2091a17828b048d751",30.78,6
"62115db1d7a34639cbabd62a",30.74,6
"6521424d7933bcf6ee796a9a",30.73,6
"5e76152aa5d7e414071b3d7c",30.68,6
"61ac11e6e9b3d75037b5808a",30.60,6
"65e4d3fd16cc391732143b50",30.56,6
"5f220a60b1b44f148630c81a",30.34,6
"65b07b397050d0a6206ae1e1",30.18,6
"62f70de930b23c82198ff23b",30.18,6
"63d84183b425eb11a46fcd81",30.10,6
"658c9877a19104bccf2d871d",30.06,6
"619081d93bad6d1e8cbd3aae",29.88,6
"61df6a2d72e72d64afbe149a",29.84,6
"64a5a7bf127ddb5d7f03002d",29.80,6
"6626c422451fea1e8ceabd26",29.73,6
"5b20a81ce4b0a496b941600c",29.62,6
"5bb583a021a89d352b0535aa",29.45,6
"614f69c9a77e5b35a4d65b80",29.20,6
"5e48ddd01a900e141874e241",29.14,6
"5e9c4fac126e4d138c9b0a5f",29.14,6
"63151edeb2906b770ea9c10d",29.06,6
"6435c62f06b88066bb765bdc",28.94,6
"665f91d87c0469953bfc1862",28.90,6
"625b2f4f6c17fa71fe4089fd",28.84,6
"631210d509b563dae7063a4a",28.71,6
"642a31ec3d4434e63c19ac97",28.57,6
"63a74a2d9f3fc9c75467c4cc",28.56,6
"61fab5a24b01ce472560a78b",28.48,6
"5dbd9336892f282aa9673efa",28.45,6
"62cf8ffd2cfb4591e3ba4eb1",28.40,6
"652efa2ddda97e6b13423ead",28.34,6
"6521d4937933bcf6ee798c4f",28.28,6
"60d9fca9d3da863148d0b869",28.12,6
"62ace7f9cc43018bbbf833d6",28.04,6
"6365028c2cdc028374b888c9",28.00,6
"61c4774a33c9bf3ef9efce8f",27.96,6
"65f1df9796ce12ad9079b18a",27.96,6
"64827b82ad5b7af76e95ecc0",27.85,6
"626f1372948c8e671ea02e88",27.84,6
"613411bc9340b47433049170",27.78,6
"63430a4034de29ce9a62cf13",27.74,6
"6138b0cc084ac961d9ac7a09",27.74,6
"5cf70a77f9e8731441517ec4",27.68,6
"636a94f29bfaa8a5f905bb9b",27.62,6
"63d930a8b425eb11a470578a",27.59,6
"61feff2717dd0446dcdc5b97",27.58,6
"62bded3ccc43018bbbfd5dc4",27.54,6
"5bf9d3c3f9127612bc96b5f7",27.50,6
"6211968b9e68063cadeb6872",27.48,6
"66290233451fea1e8ceb0090",27.42,6
"60109101ed0f70129551bbeb",27.35,6
"60609308efdfa066f0dc99a0",27.22,6
"5fd60bf3a0d934474e96fb7d",27.09,6
"62434ce3ba45a13bb6525218",26.96,6
"65b52d21e43f8851491b8d8e",26.94,6
"5ab547fbe4b0cb682c39698a",26.77,6
"65db8f85fe555d15f28a4946",26.75,6
"6352e5e7fe4706b07a6ac90d",26.67,6
"63acc02f01cb7c888c6f388b",26.63,6
"6244a7928b0ea2379d70ea92",26.49,6
"617eaeb3e5e5187841b73fab",26.32,6
"62676081ed0f8765fb700454",26.14,6
"5e52baa3bffb2e1421c8c4df",26.14,6
"647cb8b3a55bb77a0e28c238",26.12,6
"62b883b3cc43018bbbfbd69e",26.12,6
"64066849805523278971aac1",26.04,6
"6437655d5f35dff764744a34",25.90,6
"62ef518a678af3b6c9703392",25.85,6
"63e7926418d26a8e6a59ca9a",25.82,6
"6032317af46de312b810a64d",25.81,6
"5f1a435a2ea1801456aade5b",25.81,6
"649c5981e59a088dc6e086f2",25.69,6
"65a7e790021d2ea1d13f1b61",25.43,6
"656e1ac39cb6a4f05dca94bc",25.42,6
"5e9cdf8ee72dc013bc5840d3",25.35,6
"63e3b236d7ff0e6a5087cefc",25.04,6
"61286ce7e17e430d98ea1aaf",25.04,6
"646007896e301062531a6ad4",25.02,6
"6527124cd1b2d38e7e8fe470",24.88,6
"5b664236b912a0207cdaba3c",24.86,6
"5ef661c703e926141cdde3c4",24.77,6
"6234d7fadecc6503b64d80a7",24.72,6
"65bda5d67050d0a6206c42bd",24.58,6
"63165e51b2906b770eab1db1",24.56,6
"5e17f8689a28bd129da8ab05",24.55,6
"6259a46a5c6f2115589921f1",24.55,6
"65ff94cc7756e548cb86499c",24.55,6
"66816cb886cc41b000ce2336",24.48,6
"5d9269f27f3663071a886304",24.44,6
"5c707c3a99c6094968ea7e74",24.40,6
"5c8ba0f6c5dcdc6092f25462",24.32,6
"5b463fbbbf918d77ed4459f5",24.28,6
"622baeac21cc137711a27d59",24.26,6
"61907f9ff6305b3daddc9ca3",24.25,6
"631ca789b2906b770eb00233",24.06,6
"610be74298eae12a48846bfe",23.99,6
"619beb1ddb54774a0e014d61",23.96,6
"62abd344165645ea96fe6442",23.94,6
"623d0e317acb724120dd9289",23.90,6
"5c466b0a0bf1da134362f34f",23.87,6
"62cf3a682cfb4591e3ba2a81",23.81,6
"66816200465f309038add7bc",23.80,6
"61c520027ef94f1a020b70aa",23.73,6
"5e333a23d92b631337e5c0b1",23.65,6
"60076103e521fc12efc60559",23.65,6
"6672d0b586cc41b000cc096b",23.54,6
"5e3c6fa2e4d83013329244a1",23.26,6
"63191cedb2906b770eadb18f",23.24,6
"642c4ea13d4434e63c19f750",23.18,6
"626c4d73283e195930fbd0e0",23.14,6
"63de64b1dcb50fbd3084f142",23.12,6
"6186eea2f998e47aad2e03bf",23.07,6
"5e097489cb322c11de5f1d52",23.00,6
"5a605476e4b00bcc4ccde40c",22.97,6
"6670d7be465f309038ab84ad",22.95,6
"61f6d134a04389107533c895",22.85,6
"5f8a5db48aadc01640704d9a",22.80,6
"5fef43d921684312584584f7",22.76,6
"5eb59ed05e933113b3ed3d9e",22.71,6
"628b89a93728aa2d741a66c7",22.70,6
"5f1202d71363241483052ab9",22.64,6
"6482536e9d0c925cdc8f1d9b",22.62,6
"60e3b718ad1acf18cef074e7",22.61,6
"629b9f47d966665570337249",22.58,6
"63bcb48b3d310dceeac1c286",22.57,6
"64a1b70ee59a088dc6e18a05",22.56,6
"6313b59fb2906b770ea84430",22.54,6
"6473e24e7a342372c85928e0",22.46,6
"5e1953a9cb322c11de63c5cc",22.44,6
"620970a4cf52e347ba6a0356",22.44,6
"63f3b913a4f8442c33804cda",22.38,6
"61bca3be6436633e278fda2e",22.38,6
"5e2c7a5325df9513182654b0",22.36,6
"622b5afc1df8de746bc44198",22.34,6
"6453ed399f7c516a13f3d9f2",22.32,6
"5ecfa4508b2f2d13dcff9bb2",22.26,6
"63e96fd818d26a8e6a5c00ab",22.23,6
"61ed07370605d0323d86d821",22.17,6
"5e08df26fa89011209ea6688",22.13,6
"62e33bd9a6565cf0534b0290",22.13,6
"5f9dd8838f5f77168eff7883",22.08,6
"63fce297a4f8442c3386bd93",22.06,6
"5bff407fde66b657a06db6ee",21.96,6
"64c1bb860617f5214e9a6747",21.96,6
"620967c18bdb9b3d4010184a",21.94,6
"5c0c7b7db2465412c001bd34",21.94,6
"636321ba648a5c3d97c7c7e8",21.92,6
"655abd26909604bae90b453d",21.91,6
"5f2c47f87f1c3514a39b3e15",21.86,6
"649108f5127ddb5d7ffed3b4",21.82,6
"664b92c8e04f743a096a655f",21.78,6
"64480cffee6ac839f8ca1a5c",21.76,6
"59f541cbe4b0a802aa79d566",21.75,6
"6169704f7791a27d098ce3b2",21.73,6
"61e5a4b7a7bf725015061d54",21.70,6
"60f752273dcd185d04821923",21.65,6
"5e4b4ff01a900e1418a5dad6",21.58,6
"60aa809f188b926b2244c974",21.56,6
"64c5afb3c40611ceadb1b780",21.55,6
"5e84001f64b068137330b0ff",21.54,6
"62fc1ed730b23c821991ebe3",21.51,6
"635c6c9f7a9e17cb6a664b28",21.48,6
"62ca51c0348d267bb520e0d8",21.46,6
"65d267b8fe555d15f2894363",21.45,6
"61761b6580d99036ea59e14c",21.33,6
"62ce0e722cfb4591e3b9dd1c",21.32,6
"63b648043d310dceeabcbd25",21.32,6
"6392ae5f02a4e512e05c4c67",21.30,6
"62578512bb76b54a63a1e117",21.30,6
"64e64a7b0581c9c39db6e610",21.27,6
"62c4f8cabaa38d1a1f6de6ee",21.26,6
"5988e16de4b0465558c30661",21.23,6
"613bcc3101d05172c7ebc527",21.17,6
"625ecefde3a4a82bb4406be8",21.14,6
"62bee552baa38d1a1f6b8559",21.13,6
"6395fe0890ad5449ec627a47",21.01,6
"5e3f5313f8f61412f0438066",20.98,6
"63801744ae4fd936d3e29854",20.98,6
"62e75aeea6565cf0534df6aa",20.97,6
"62f81b7392710024ad00a100",51.98,4
"5fd40864a0d934474e874f71",49.27,4
"639e9e47b5f32149b9d343f6",48.73,4
"5c6f24e77191bb4ea22d0472",47.97,4
"61b6b15e8c8cd209859338e7",46.98,4
"5ebcdc2c54190013a2c589b0",44.44,4
"63778fae5fdbb03aa19ca716",40.12,4
"6585dfb699b40f103b636816",36.92,4
"65b449d9e43f8851491b7d0f",33.24,4
"65f60f647756e548cb850953",32.00,4
"6304225c2f095fa437277c83",31.92,4
"5d54536e6482b73d8956dc2e",31.75,4
"5fc47c3e831dff501fed9400",31.38,4
"63ae87ce01cb7c888c716cec",30.17,4
"5bcbeb634798ac3c1369e5d8",30.06,4
"61f7ee20ee5ba428df2f8867",29.50,4
"5fbd438509202812955fee75",28.85,4
"64c022a09b7ac0499fa57ccd",28.78,4
"5f6f8ceaccd289166b7878a0",28.55,4
"65be5e4ce43f8851491c7f33",27.88,4
"6655e739e04f743a096bb2e1",27.88,4
"62f42c15678af3b6c971ee2b",26.85,4
"5d711c64216673416de8802c",26.78,4
"65f6c3f17756e548cb851ea8",26.49,4
"654fe6f3909604bae909fba6",25.74,4
"628b0f431ec71241a9802c71",25.72,4
"63d6f56455e4cd39e5e0c991",25.72,4
"64bd54cf9b7ac0499fa4f81b",25.58,4
"5dc1eb592f16991233675c7f",25.54,4
"63854a92ae4fd936d3ea91c2",25.23,4
"619e372c5e388d4f51362bab",25.18,4
"6136aed5c625197c5db72464",24.94,4
"62827d07701ded21f96c3838",24.91,4
"5f5f73fcde9b9715f735a5a2",24.90,4
"656e70349cb6a4f05dcaa61d",24.87,4
"62a8dd8637737fe70d03708f",24.00,4
"5ec08ff1787e2a13c5766f5e",23.87,4
"5c2fb78145ffac2c277d42d4",23.68,4
"63026beb2f095fa43726dfd9",22.97,4
"5c469957b244685b6b5ac7f4",22.50,4
"6362a31f081c883342a95c0a",22.12,4
"62d48e9a2cfb4591e3bc3725",21.64,4
"6638b9811be3d689ceb9587b",21.20,4
"6659cf4a7c0469953bfb0fbf",20.96,4
